s_Sample,Species,Source,Sample Set
anopheles-albimanus-steclachromosomesaalbs2,Anopheles_albimanus,ref,ref
anopheles-aquasalis-A_aquasalis_v1,Anopheles_aquasalis,ref,ref
anopheles-arabiensis-dongolascaffoldsaarad1,Anopheles_arabiensis,ref,ref
anopheles-arabiensis-sharakhov,Anopheles_arabiensis,ref,ref
anopheles-atroparvus-ebrochromosomesaatre3,Anopheles_atroparvus,ref,ref
anopheles-christyi-achkn1017scaffoldsachra1,Anopheles_christyi,ref,ref
anopheles-coluzzii-mali-nihscaffoldsacolm1,Anopheles_coluzzii,ref,ref
anopheles-cracens-ASM209184v1-scaffolds,Anopheles_cracens,ref,ref
anopheles-culicifacies-37scaffoldsacula1,Anopheles_culicifacies,ref,ref
anopheles-darlingi-coariscaffoldsadarc3,Anopheles_darlingi,ref,ref
anopheles-dirus-wrair2scaffoldsadirw1,Anopheles_dirus_A,ref,ref
anopheles-epiroticus-epiroticus2scaffoldsaepie1,Anopheles_epiroticus,ref,ref
anopheles-farauti-far1scaffoldsafarf2,Anopheles_farauti,ref,ref
anopheles-funestus-fumozchromosomesafunf3,Anopheles_funestus,ref,ref
anopheles-funestus-fumozscaffoldsafunf1,Anopheles_funestus,ref,ref
anopheles-gambiae-pestchromosomesagamp4,Anopheles_gambiae,ref,ref
anopheles-gambiae-pimperenascaffoldsagams1,Anopheles_gambiae,ref,ref
anopheles-koliensis-akwgs3contigsjxxb01,Anopheles_koliensis,ref,ref
anopheles-maculatus-maculatus3scaffoldsamacm1,Anopheles_maculatus_B,ref,ref
anopheles-melas-cm1001059ascaffoldsamelc2,Anopheles_melas,ref,ref
anopheles-merus-mafscaffoldsamerm2,Anopheles_merus,ref,ref
anopheles-minimus-minimus1scaffoldsaminm1,Anopheles_minimus_A,ref,ref
anopheles-punctulatus-apwgs2contigsjxxa01,Anopheles_punctulatus,ref,ref
anopheles-quadriannulatus-sangwescaffoldsaquas1,Anopheles_quadriannulatus,ref,ref
anopheles-sinensis-chinascaffoldsasinc2,Anopheles_sinensis,ref,ref
anopheles-sinensis-sinensisscaffoldsasins2,Anopheles_sinensis,ref,ref
anopheles-stephensi-indianscaffoldsastei2,Anopheles_stephensi,ref,ref
anopheles-stephensi-sda-500scaffoldsastes1,Anopheles_stephensi,ref,ref